"Item","Item Name","Item Group","Warehouse","Stock UOM","Balance Qty","Balance Value","Opening Qty","Opening Value","In Qty","In Value","Out Qty","Out Value","Valuation Rate","Reserved Stock","Company"
"1000900","Lampe Led veto spot light chrome 3w","Ampoule led","Raw Materials - GSS","PCs",20.0,0.0,0.0,0.0,20.0,0.0,0.0,0.0,0.0,0.0,"Global Spectrum SARL"
"1000902","Zhong zhou led bulb 2w","Ampoule led","Raw Materials - GSS","PCs",83.0,0.0,0.0,0.0,83.0,0.0,0.0,0.0,0.0,0.0,"Global Spectrum SARL"
"1000903","Zhong zhou led E14 yellow 220  4w","Ampoule led","Raw Materials - GSS","PCs",25.0,0.0,0.0,0.0,25.0,0.0,0.0,0.0,0.0,0.0,"Global Spectrum SARL"
"1000904","Zhong zhou led high power lamp  4w","Ampoule led","Raw Materials - GSS","PCs",3.0,0.0,0.0,0.0,3.0,0.0,0.0,0.0,0.0,0.0,"Global Spectrum SARL"
"1000905","Zhong zhou led high power lamp  2w","Ampoule led","Raw Materials - GSS","PCs",27.0,0.0,0.0,0.0,27.0,0.0,0.0,0.0,0.0,0.0,"Global Spectrum SARL"
"1000906","Qms lighting led 4.5w","Ampoule led","Raw Materials - GSS","PCs",3.0,0.0,0.0,0.0,3.0,0.0,0.0,0.0,0.0,0.0,"Global Spectrum SARL"
"1000907","Motd E27 9w","Ampoule led","Raw Materials - GSS","PCs",12.0,0.0,0.0,0.0,12.0,0.0,0.0,0.0,0.0,0.0,"Global Spectrum SARL"
"1000908","Lipu led 3.5W","Ampoule led","Raw Materials - GSS","PCs",29.0,0.0,0.0,0.0,29.0,0.0,0.0,0.0,0.0,0.0,"Global Spectrum SARL"
"1000909","Max smd led strip 220v","Ampoule led","Raw Materials - GSS","Ctn",1.0,0.0,0.0,0.0,1.0,0.0,0.0,0.0,0.0,0.0,"Global Spectrum SARL"
"1000910","Led outdoor light  50w","Ampoule led","Raw Materials - GSS","PCs",2.0,0.0,0.0,0.0,2.0,0.0,0.0,0.0,0.0,0.0,"Global Spectrum SARL"
"1001000","ZT63025060851 BANDSAW BLADE","BANDSAW BLADE","Raw Materials - GSS","PCs",5.0,0.0,0.0,0.0,5.0,0.0,0.0,0.0,0.0,0.0,"Global Spectrum SARL"
"1001001","CHG BANDSAW DLADE JOINT","BANDSAW BLADE","Raw Materials - GSS","PCs",24.0,0.0,0.0,0.0,24.0,0.0,0.0,0.0,0.0,0.0,"Global Spectrum SARL"
"1001010","Bison kit","Bison kit","Raw Materials - GSS","PCs",279.0,0.0,0.0,0.0,279.0,0.0,0.0,0.0,0.0,0.0,"Global Spectrum SARL"
"1001020","Brass Cylindrical Handle","Brass Cylindrical Handle","Raw Materials - GSS","PCs",50.0,0.0,0.0,0.0,50.0,0.0,0.0,0.0,0.0,0.0,"Global Spectrum SARL"
"1001030","Button 36  1000pcs/Box","Button","Raw Materials - GSS","PCs",7380.0,0.0,0.0,0.0,7380.0,0.0,0.0,0.0,0.0,0.0,"Global Spectrum SARL"
"1001031","Button 32  1000pcs/Box","Button","Raw Materials - GSS","PCs",13500.0,0.0,0.0,0.0,13500.0,0.0,0.0,0.0,0.0,0.0,"Global Spectrum SARL"
"1001032","Button 32  1000pcs/Box","Button","Raw Materials - GSS","PCs",7000.0,0.0,0.0,0.0,7000.0,0.0,0.0,0.0,0.0,0.0,"Global Spectrum SARL"
"1001033","Button colour White","Button","Raw Materials - GSS","Box",1.0,0.0,0.0,0.0,1.0,0.0,0.0,0.0,0.0,0.0,"Global Spectrum SARL"
"1001034","Button colour Rondelle White","Button","Raw Materials - GSS","Box",1.0,0.0,0.0,0.0,1.0,0.0,0.0,0.0,0.0,0.0,"Global Spectrum SARL"
"1001035","Button colour ROSE","Button","Raw Materials - GSS","Box",1.0,0.0,0.0,0.0,1.0,0.0,0.0,0.0,0.0,0.0,"Global Spectrum SARL"
"1001036","Button colour VERT","Button","Raw Materials - GSS","Box",1.0,0.0,0.0,0.0,1.0,0.0,0.0,0.0,0.0,0.0,"Global Spectrum SARL"
"1001037","Button colour VIOLET","Button","Raw Materials - GSS","Box",1.0,0.0,0.0,0.0,1.0,0.0,0.0,0.0,0.0,0.0,"Global Spectrum SARL"
"1001070","Cache trou","Cache trou","Raw Materials - GSS","PCs",13.0,0.0,0.0,0.0,13.0,0.0,0.0,0.0,0.0,0.0,"Global Spectrum SARL"
"1001080","Cheville S6  100pcs/Box","Cheville","Raw Materials - GSS","Box",367.0,0.0,0.0,0.0,367.0,0.0,0.0,0.0,0.0,0.0,"Global Spectrum SARL"
"1001081","Cheville S8  100pcs/Box","Cheville","Raw Materials - GSS","Box",80.0,0.0,0.0,0.0,80.0,0.0,0.0,0.0,0.0,0.0,"Global Spectrum SARL"
"1001082","Cheville metal colour white","Cheville","Raw Materials - GSS","PCs",72.0,0.0,0.0,0.0,72.0,0.0,0.0,0.0,0.0,0.0,"Global Spectrum SARL"
"1001083","Cheville metal M10 fix bolt 10mm","Cheville","Raw Materials - GSS","PCs",458.0,0.0,0.0,0.0,458.0,0.0,0.0,0.0,0.0,0.0,"Global Spectrum SARL"
"1001084","Cheville metal M8 fix bolt","Cheville","Raw Materials - GSS","PCs",117.0,0.0,0.0,0.0,117.0,0.0,0.0,0.0,0.0,0.0,"Global Spectrum SARL"
"1001085","Cheville metal M10 fix bolt 16mm","Cheville","Raw Materials - GSS","PCs",93.0,0.0,0.0,0.0,93.0,0.0,0.0,0.0,0.0,0.0,"Global Spectrum SARL"
"1001100","CIRCULAR SAW BLADE 315MM (JM27170003)","CIRCULAR SAW BLADE","Raw Materials - GSS","PCs",7.0,0.0,0.0,0.0,7.0,0.0,0.0,0.0,0.0,0.0,"Global Spectrum SARL"
"1001110","Coke decor white","Coke decor","Raw Materials - GSS","Mtr",1167.0,0.0,0.0,0.0,1167.0,0.0,0.0,0.0,0.0,0.0,"Global Spectrum SARL"
"1001111","Coke decor Brown  dark","Coke decor","Raw Materials - GSS","Mtr",579.0,0.0,0.0,0.0,579.0,0.0,0.0,0.0,0.0,0.0,"Global Spectrum SARL"
"1001112","Coke decor Rouge","Coke decor","Raw Materials - GSS","Mtr",236.0,0.0,0.0,0.0,236.0,0.0,0.0,0.0,0.0,0.0,"Global Spectrum SARL"
"1001113","Coke decor black","Coke decor","Raw Materials - GSS","Mtr",757.0,0.0,0.0,0.0,757.0,0.0,0.0,0.0,0.0,0.0,"Global Spectrum SARL"
"1001114","Coke decor brown","Coke decor","Raw Materials - GSS","Mtr",684.0,0.0,0.0,0.0,684.0,0.0,0.0,0.0,0.0,0.0,"Global Spectrum SARL"
"1001120","Crochets rideau silver 4.5""","Crochets","Raw Materials - GSS","PCs",869.0,0.0,0.0,0.0,869.0,0.0,0.0,0.0,0.0,0.0,"Global Spectrum SARL"
"1001121","Crochets rideau Golden 4.5""","Crochets","Raw Materials - GSS","PCs",956.0,0.0,0.0,0.0,956.0,0.0,0.0,0.0,0.0,0.0,"Global Spectrum SARL"
"1001122","Crochets rideau Golden 3""","Crochets","Raw Materials - GSS","PCs",50.0,0.0,0.0,0.0,50.0,0.0,0.0,0.0,0.0,0.0,"Global Spectrum SARL"
"1001140","Profile Cylinder your key Golden 60mm-3K BP","Cylinder","Raw Materials - GSS","PCs",35.0,0.0,0.0,0.0,35.0,0.0,0.0,0.0,0.0,0.0,"Global Spectrum SARL"
"1001141","High quality profile cylinder blanc","Cylinder","Raw Materials - GSS","PCs",50.0,0.0,0.0,0.0,50.0,0.0,0.0,0.0,0.0,0.0,"Global Spectrum SARL"
"1001142","Bath Cylinder (PS) 70 mm","Cylinder","Raw Materials - GSS","PCs",22.0,0.0,0.0,0.0,22.0,0.0,0.0,0.0,0.0,0.0,"Global Spectrum SARL"
"1001150","door knicker brown","Door Knicker","Raw Materials - GSS","PCs",4.0,0.0,0.0,0.0,4.0,0.0,0.0,0.0,0.0,0.0,"Global Spectrum SARL"
"1001151","door knicker Golden","Door Knicker","Raw Materials - GSS","PCs",4.0,0.0,0.0,0.0,4.0,0.0,0.0,0.0,0.0,0.0,"Global Spectrum SARL"
"1001160","Lock door body N°5002","Door lock","Raw Materials - GSS","PCs",11.0,0.0,0.0,0.0,11.0,0.0,0.0,0.0,0.0,0.0,"Global Spectrum SARL"
"1001170","Door Stopper","Door Stopper","Raw Materials - GSS","PCs",50.0,0.0,0.0,0.0,50.0,0.0,0.0,0.0,0.0,0.0,"Global Spectrum SARL"
"1001180","Drawer Channel 35 cm","Drawer Channel","Raw Materials - GSS","PCs",159.0,0.0,0.0,0.0,159.0,0.0,0.0,0.0,0.0,0.0,"Global Spectrum SARL"
"1001181","Drawer Channel 40 cm","Drawer Channel","Raw Materials - GSS","PCs",169.0,0.0,0.0,0.0,169.0,0.0,0.0,0.0,0.0,0.0,"Global Spectrum SARL"
"1001182","Drawer Channel 45 cm","Drawer Channel","Raw Materials - GSS","PCs",77.0,0.0,0.0,0.0,77.0,0.0,0.0,0.0,0.0,0.0,"Global Spectrum SARL"
"1001190","Drawer lock size 2 chinois 808","Drawer Lock","Raw Materials - GSS","PCs",489.0,0.0,0.0,0.0,489.0,0.0,0.0,0.0,0.0,0.0,"Global Spectrum SARL"
"1001191","Drawer lock size 2 Milano","Drawer Lock","Raw Materials - GSS","PCs",35.0,0.0,0.0,0.0,35.0,0.0,0.0,0.0,0.0,0.0,"Global Spectrum SARL"
"1001200","Gyproc fibre tape 50x90mtr","Fibre tape","Raw Materials - GSS","PCs",42.0,0.0,0.0,0.0,42.0,0.0,0.0,0.0,0.0,0.0,"Global Spectrum SARL"
"1001210","Gold powder","Gold powder","Raw Materials - GSS","PCs",46.0,0.0,0.0,0.0,46.0,0.0,0.0,0.0,0.0,0.0,"Global Spectrum SARL"
"1001220","Handle door MILANO","Handle door","Raw Materials - GSS","PCs",199.0,0.0,0.0,0.0,199.0,0.0,0.0,0.0,0.0,0.0,"Global Spectrum SARL"
"1001221","Handle door Bruserstang","Handle door","Raw Materials - GSS","PCs",1.0,0.0,0.0,0.0,1.0,0.0,0.0,0.0,0.0,0.0,"Global Spectrum SARL"
"1001222","Handle door A01-83","Handle door","Raw Materials - GSS","PCs",5.0,0.0,0.0,0.0,5.0,0.0,0.0,0.0,0.0,0.0,"Global Spectrum SARL"
"1001223","Handle door S39 116 BB/GP","Handle door","Raw Materials - GSS","PCs",10.0,0.0,0.0,0.0,10.0,0.0,0.0,0.0,0.0,0.0,"Global Spectrum SARL"
"1001224","Handle door L06-142 SN/CP","Handle door","Raw Materials - GSS","PCs",8.0,0.0,0.0,0.0,8.0,0.0,0.0,0.0,0.0,0.0,"Global Spectrum SARL"
"1001225","Lock body MILANO","Handle door","Raw Materials - GSS","PCs",199.0,0.0,0.0,0.0,199.0,0.0,0.0,0.0,0.0,0.0,"Global Spectrum SARL"
"1001240","Handel with screw","Handles Cupboard","Raw Materials - GSS","PCs",26.0,0.0,0.0,0.0,26.0,0.0,0.0,0.0,0.0,0.0,"Global Spectrum SARL"
"1001241","Handel Golden type C'13cm","Handles Cupboard","Raw Materials - GSS","PCs",7.0,0.0,0.0,0.0,7.0,0.0,0.0,0.0,0.0,0.0,"Global Spectrum SARL"
"1001242","Handel Golden type c' 12cm","Handles Cupboard","Raw Materials - GSS","PCs",15.0,0.0,0.0,0.0,15.0,0.0,0.0,0.0,0.0,0.0,"Global Spectrum SARL"
"1001243","Handel Silver  type c' 10cm","Handles Cupboard","Raw Materials - GSS","PCs",20.0,0.0,0.0,0.0,20.0,0.0,0.0,0.0,0.0,0.0,"Global Spectrum SARL"
"1001244","Handel Golden Brass 11cm","Handles Cupboard","Raw Materials - GSS","PCs",12.0,0.0,0.0,0.0,12.0,0.0,0.0,0.0,0.0,0.0,"Global Spectrum SARL"
"1001245","Handel silver 18 cm SS FINISH","Handles Cupboard","Raw Materials - GSS","PCs",12.0,0.0,0.0,0.0,12.0,0.0,0.0,0.0,0.0,0.0,"Global Spectrum SARL"
"1001246","Handel Golden type c' 12,5cm","Handles Cupboard","Raw Materials - GSS","PCs",18.0,0.0,0.0,0.0,18.0,0.0,0.0,0.0,0.0,0.0,"Global Spectrum SARL"
"1001247","Handel Silver  type c' 7cm","Handles Cupboard","Raw Materials - GSS","PCs",106.0,0.0,0.0,0.0,106.0,0.0,0.0,0.0,0.0,0.0,"Global Spectrum SARL"
"1001248","Handel Golden type C'11cm","Handles Cupboard","Raw Materials - GSS","PCs",62.0,0.0,0.0,0.0,62.0,0.0,0.0,0.0,0.0,0.0,"Global Spectrum SARL"
"1001249","Handel silver type c' 34cm","Handles Cupboard","Raw Materials - GSS","PCs",9.0,0.0,0.0,0.0,9.0,0.0,0.0,0.0,0.0,0.0,"Global Spectrum SARL"
"1001250","Handel Golden type C' 15cm","Handles Cupboard","Raw Materials - GSS","PCs",8.0,0.0,0.0,0.0,8.0,0.0,0.0,0.0,0.0,0.0,"Global Spectrum SARL"
"1001251","Handel Golden Manigalia C' 12,5cm","Handles Cupboard","Raw Materials - GSS","PCs",53.0,0.0,0.0,0.0,53.0,0.0,0.0,0.0,0.0,0.0,"Global Spectrum SARL"
"1001252","Handel Golden Manigalia C' 16cm","Handles Cupboard","Raw Materials - GSS","PCs",15.0,0.0,0.0,0.0,15.0,0.0,0.0,0.0,0.0,0.0,"Global Spectrum SARL"
"1001253","Handel silver type c' 19cm","Handles Cupboard","Raw Materials - GSS","PCs",11.0,0.0,0.0,0.0,11.0,0.0,0.0,0.0,0.0,0.0,"Global Spectrum SARL"
"1001254","Handel Silver type C'15cm","Handles Cupboard","Raw Materials - GSS","PCs",4.0,0.0,0.0,0.0,4.0,0.0,0.0,0.0,0.0,0.0,"Global Spectrum SARL"
"1001255","Handel Silver type C'18cm","Handles Cupboard","Raw Materials - GSS","PCs",82.0,0.0,0.0,0.0,82.0,0.0,0.0,0.0,0.0,0.0,"Global Spectrum SARL"
"1001256","Handel silver type c' 24,5cm","Handles Cupboard","Raw Materials - GSS","PCs",43.0,0.0,0.0,0.0,43.0,0.0,0.0,0.0,0.0,0.0,"Global Spectrum SARL"
"1001257","Handel Silver  type C'11cm","Handles Cupboard","Raw Materials - GSS","PCs",105.0,0.0,0.0,0.0,105.0,0.0,0.0,0.0,0.0,0.0,"Global Spectrum SARL"
"1001258","Handel Golden type C'22cm","Handles Cupboard","Raw Materials - GSS","PCs",73.0,0.0,0.0,0.0,73.0,0.0,0.0,0.0,0.0,0.0,"Global Spectrum SARL"
"1001259","Handel silver EUR Satin Chrome","Handles Cupboard","Raw Materials - GSS","PCs",11.0,0.0,0.0,0.0,11.0,0.0,0.0,0.0,0.0,0.0,"Global Spectrum SARL"
"1001260","Handel Silver type C' 15cm","Handles Cupboard","Raw Materials - GSS","PCs",132.0,0.0,0.0,0.0,132.0,0.0,0.0,0.0,0.0,0.0,"Global Spectrum SARL"
"1001261","Handel Golden type C'16cm","Handles Cupboard","Raw Materials - GSS","PCs",255.0,0.0,0.0,0.0,255.0,0.0,0.0,0.0,0.0,0.0,"Global Spectrum SARL"
"1001262","Handel Golden type C'13cm","Handles Cupboard","Raw Materials - GSS","PCs",354.0,0.0,0.0,0.0,354.0,0.0,0.0,0.0,0.0,0.0,"Global Spectrum SARL"
"1001263","Handel Golden rond 2cm","Handles Cupboard","Raw Materials - GSS","PCs",326.0,0.0,0.0,0.0,326.0,0.0,0.0,0.0,0.0,0.0,"Global Spectrum SARL"
"1001264","Handel Golden type C'11,5cm","Handles Cupboard","Raw Materials - GSS","PCs",96.0,0.0,0.0,0.0,96.0,0.0,0.0,0.0,0.0,0.0,"Global Spectrum SARL"
"1001265","Handel silver SS Satin 10cm","Handles Cupboard","Raw Materials - GSS","PCs",28.0,0.0,0.0,0.0,28.0,0.0,0.0,0.0,0.0,0.0,"Global Spectrum SARL"
"1001266","Handel Golden rond 2cm small","Handles Cupboard","Raw Materials - GSS","PCs",127.0,0.0,0.0,0.0,127.0,0.0,0.0,0.0,0.0,0.0,"Global Spectrum SARL"
"1001267","Handel silver type c' 33cm","Handles Cupboard","Raw Materials - GSS","PCs",5.0,0.0,0.0,0.0,5.0,0.0,0.0,0.0,0.0,0.0,"Global Spectrum SARL"
"1001268","Handel Silver rond 2cm","Handles Cupboard","Raw Materials - GSS","PCs",44.0,0.0,0.0,0.0,44.0,0.0,0.0,0.0,0.0,0.0,"Global Spectrum SARL"
"1001269","Handel Silver type C' 9,5cm","Handles Cupboard","Raw Materials - GSS","PCs",62.0,0.0,0.0,0.0,62.0,0.0,0.0,0.0,0.0,0.0,"Global Spectrum SARL"
"1001270","Handel Silver type C'26cm","Handles Cupboard","Raw Materials - GSS","PCs",18.0,0.0,0.0,0.0,18.0,0.0,0.0,0.0,0.0,0.0,"Global Spectrum SARL"
"1001271","Handel Silver type C'16cm","Handles Cupboard","Raw Materials - GSS","PCs",112.0,0.0,0.0,0.0,112.0,0.0,0.0,0.0,0.0,0.0,"Global Spectrum SARL"
"1001272","Handel Silver type C'12cm","Handles Cupboard","Raw Materials - GSS","PCs",4.0,0.0,0.0,0.0,4.0,0.0,0.0,0.0,0.0,0.0,"Global Spectrum SARL"
"1001273","Handel godlen type c'10cm","Handles Cupboard","Raw Materials - GSS","PCs",6.0,0.0,0.0,0.0,6.0,0.0,0.0,0.0,0.0,0.0,"Global Spectrum SARL"
"1001303","roller blind 160x300","HEI BEI ROLLER BLIND","Raw Materials - GSS","PCs",8.0,0.0,0.0,0.0,8.0,0.0,0.0,0.0,0.0,0.0,"Global Spectrum SARL"
"1001304","roller blind 170x300","HEI BEI ROLLER BLIND","Raw Materials - GSS","PCs",9.0,0.0,0.0,0.0,9.0,0.0,0.0,0.0,0.0,0.0,"Global Spectrum SARL"
"1001305","roller blind 180x300","HEI BEI ROLLER BLIND","Raw Materials - GSS","PCs",8.0,0.0,0.0,0.0,8.0,0.0,0.0,0.0,0.0,0.0,"Global Spectrum SARL"
"1001306","roller blind 200x300","HEI BEI ROLLER BLIND","Raw Materials - GSS","PCs",5.0,0.0,0.0,0.0,5.0,0.0,0.0,0.0,0.0,0.0,"Global Spectrum SARL"
"1001320","Hinge Big Brass Brown Golden","Hinge Door","Raw Materials - GSS","PCs",64.0,0.0,0.0,0.0,64.0,0.0,0.0,0.0,0.0,0.0,"Global Spectrum SARL"
"1001321","Hinge Brass 2BB Simplex 4X3,5X3mm","Hinge Door","Raw Materials - GSS","PCs",15.0,0.0,0.0,0.0,15.0,0.0,0.0,0.0,0.0,0.0,"Global Spectrum SARL"
"1001322","Hinge Door size 4X3X3mm","Hinge Door","Raw Materials - GSS","PCs",16.0,0.0,0.0,0.0,16.0,0.0,0.0,0.0,0.0,0.0,"Global Spectrum SARL"
"1001323","Hinge Door SS 404030-4BB 4X4X3mm","Hinge Door","Raw Materials - GSS","PCs",16.0,0.0,0.0,0.0,16.0,0.0,0.0,0.0,0.0,0.0,"Global Spectrum SARL"
"1001324","Hinge FHP 4X3X3mm 4BB SS-B","Hinge Door","Raw Materials - GSS","PCs",79.0,0.0,0.0,0.0,79.0,0.0,0.0,0.0,0.0,0.0,"Global Spectrum SARL"
"1001325","SS201 Butt Hinge size 4X3X3mm","Hinge Door","Raw Materials - GSS","PCs",1191.0,0.0,0.0,0.0,1191.0,0.0,0.0,0.0,0.0,0.0,"Global Spectrum SARL"
"1001340","Hinges half pin new","Hinges","Raw Materials - GSS","PCs",54.0,0.0,0.0,0.0,54.0,0.0,0.0,0.0,0.0,0.0,"Global Spectrum SARL"
"1001341","hinges full pin new","Hinges","Raw Materials - GSS","PCs",166.0,0.0,0.0,0.0,166.0,0.0,0.0,0.0,0.0,0.0,"Global Spectrum SARL"
"1001350","Leg sofa metal 7cm","Leg metal","Raw Materials - GSS","PCs",48.0,0.0,0.0,0.0,48.0,0.0,0.0,0.0,0.0,0.0,"Global Spectrum SARL"
"1001351","Leg sofa metal 8cm small","Leg metal","Raw Materials - GSS","PCs",67.0,0.0,0.0,0.0,67.0,0.0,0.0,0.0,0.0,0.0,"Global Spectrum SARL"
"1001352","Leg sofa metal 8cm big","Leg metal","Raw Materials - GSS","PCs",39.0,0.0,0.0,0.0,39.0,0.0,0.0,0.0,0.0,0.0,"Global Spectrum SARL"
"1001353","Leg sofa metal 6,5cm","Leg metal","Raw Materials - GSS","PCs",100.0,0.0,0.0,0.0,100.0,0.0,0.0,0.0,0.0,0.0,"Global Spectrum SARL"
"1001354","Leg sofa metal 17cm","Leg metal","Raw Materials - GSS","PCs",25.0,0.0,0.0,0.0,25.0,0.0,0.0,0.0,0.0,0.0,"Global Spectrum SARL"
"1001355","Leg sofa metal 16,5","Leg metal","Raw Materials - GSS","PCs",36.0,0.0,0.0,0.0,36.0,0.0,0.0,0.0,0.0,0.0,"Global Spectrum SARL"
"1001356","Leg sofa metal 11cm","Leg metal","Raw Materials - GSS","PCs",20.0,0.0,0.0,0.0,20.0,0.0,0.0,0.0,0.0,0.0,"Global Spectrum SARL"
"1001357","Leg sofa metal 15cm","Leg metal","Raw Materials - GSS","PCs",10.0,0.0,0.0,0.0,10.0,0.0,0.0,0.0,0.0,0.0,"Global Spectrum SARL"
"1001358","Leg sofa metal 16,5cm","Leg metal","Raw Materials - GSS","PCs",36.0,0.0,0.0,0.0,36.0,0.0,0.0,0.0,0.0,0.0,"Global Spectrum SARL"
"1001359","Leg sofa metal 17cm","Leg metal","Raw Materials - GSS","PCs",32.0,0.0,0.0,0.0,32.0,0.0,0.0,0.0,0.0,0.0,"Global Spectrum SARL"
"1001360","Leg sofa metal 36 cm","Leg metal","Raw Materials - GSS","PCs",175.0,0.0,0.0,0.0,175.0,0.0,0.0,0.0,0.0,0.0,"Global Spectrum SARL"
"1001370","Leg sofa plastique N°4","Leg plastique","Raw Materials - GSS","PCs",370.0,0.0,0.0,0.0,370.0,0.0,0.0,0.0,0.0,0.0,"Global Spectrum SARL"
"1001371","Leg sofa plastique N°5","Leg plastique","Raw Materials - GSS","PCs",265.0,0.0,0.0,0.0,265.0,0.0,0.0,0.0,0.0,0.0,"Global Spectrum SARL"
"1001372","Leg sofa plastique N°6","Leg plastique","Raw Materials - GSS","PCs",65.0,0.0,0.0,0.0,65.0,0.0,0.0,0.0,0.0,0.0,"Global Spectrum SARL"
"1001380","Lining Beige 200 mtr","Lining","Raw Materials - GSS","Roll",2.0,0.0,0.0,0.0,2.0,0.0,0.0,0.0,0.0,0.0,"Global Spectrum SARL"
"1001381","Lining Black 200 mtr","Lining","Raw Materials - GSS","Roll",3.0,0.0,0.0,0.0,3.0,0.0,0.0,0.0,0.0,0.0,"Global Spectrum SARL"
"1001382","Lining Black 54mtr NEW","Lining","Raw Materials - GSS","Roll",4.0,0.0,0.0,0.0,4.0,0.0,0.0,0.0,0.0,0.0,"Global Spectrum SARL"
"1001383","Lining White 54m chinois","Lining","Raw Materials - GSS","Roll",1.0,0.0,0.0,0.0,1.0,0.0,0.0,0.0,0.0,0.0,"Global Spectrum SARL"
"1001384","Lining light white","Lining","Raw Materials - GSS","Roll",1.0,0.0,0.0,0.0,1.0,0.0,0.0,0.0,0.0,0.0,"Global Spectrum SARL"
"1001400","Malmal Cotton 100% cotton Fabrics Bleached Mulmul ","Malmal","Raw Materials - GSS","PCs",17.0,0.0,0.0,0.0,17.0,0.0,0.0,0.0,0.0,0.0,"Global Spectrum SARL"
"1001410","Masking tape 1""","Masking tape","Raw Materials - GSS","PCs",313.0,0.0,0.0,0.0,313.0,0.0,0.0,0.0,0.0,0.0,"Global Spectrum SARL"
"1001411","Masking tape 2""","Masking tape","Raw Materials - GSS","PCs",971.0,0.0,0.0,0.0,971.0,0.0,0.0,0.0,0.0,0.0,"Global Spectrum SARL"
"1001420","Metal Hooks","Metal Hooks","Raw Materials - GSS","Box",292.0,0.0,0.0,0.0,292.0,0.0,0.0,0.0,0.0,0.0,"Global Spectrum SARL"
"1001430","Normal hooks 43x19x43","Normal hooks","Raw Materials - GSS","Box",490.0,0.0,0.0,0.0,490.0,0.0,0.0,0.0,0.0,0.0,"Global Spectrum SARL"
"1001440","Panels pin 2 cm","Panels pin","Raw Materials - GSS","Box",50.0,0.0,0.0,0.0,50.0,0.0,0.0,0.0,0.0,0.0,"Global Spectrum SARL"
"1001450","Plastic Nails Small Box/500Pcs","Plastic Nails","Raw Materials - GSS","PCs",4596.0,0.0,0.0,0.0,4596.0,0.0,0.0,0.0,0.0,0.0,"Global Spectrum SARL"
"1001451","Plastic Nails Moyen Box/500Pcs","Plastic Nails","Raw Materials - GSS","PCs",890.0,0.0,0.0,0.0,890.0,0.0,0.0,0.0,0.0,0.0,"Global Spectrum SARL"
"1001452","Plastic NailsS Big Box/500Pcs","Plastic Nails","Raw Materials - GSS","PCs",1822.0,0.0,0.0,0.0,1822.0,0.0,0.0,0.0,0.0,0.0,"Global Spectrum SARL"
"1001453","Plastic Nails Colour white box/500pcs","Plastic Nails","Raw Materials - GSS","PCs",4831.0,0.0,0.0,0.0,4831.0,0.0,0.0,0.0,0.0,0.0,"Global Spectrum SARL"
"1001454","Plastic Nails Colour Brown box/500pcs","Plastic Nails","Raw Materials - GSS","PCs",9992.0,0.0,0.0,0.0,9992.0,0.0,0.0,0.0,0.0,0.0,"Global Spectrum SARL"
"1001460","Pu foam","Pu foam","Raw Materials - GSS","PCs",25.0,0.0,0.0,0.0,25.0,0.0,0.0,0.0,0.0,0.0,"Global Spectrum SARL"
"1001470","Reversible nu-pleat (Reflet Big) 100mtr","Reflet","Raw Materials - GSS","Roll",55.0,0.0,0.0,0.0,55.0,0.0,0.0,0.0,0.0,0.0,"Global Spectrum SARL"
"1001471","Reversible nu-pleat (Reflet Small)","Reflet","Raw Materials - GSS","Roll",25.0,0.0,0.0,0.0,25.0,0.0,0.0,0.0,0.0,0.0,"Global Spectrum SARL"
"1001480","Day and Night Engliht Roller Blind Beige Size :90x210 cm","ROLLER BLIND","Raw Materials - GSS","PCs",8.0,0.0,0.0,0.0,8.0,0.0,0.0,0.0,0.0,0.0,"Global Spectrum SARL"
"1001481","Day and Night Engliht Roller Blind Marron Size :90x210 cm","ROLLER BLIND","Raw Materials - GSS","PCs",4.0,0.0,0.0,0.0,4.0,0.0,0.0,0.0,0.0,0.0,"Global Spectrum SARL"
"1001482","Day and Night Engliht Roller Blind Blanc et Gris Size :90x210 cm","ROLLER BLIND","Raw Materials - GSS","PCs",6.0,0.0,0.0,0.0,6.0,0.0,0.0,0.0,0.0,0.0,"Global Spectrum SARL"
"1001483","Day and Night Engliht Roller Blind Rouge Size :90x210 cm","ROLLER BLIND","Raw Materials - GSS","PCs",6.0,0.0,0.0,0.0,6.0,0.0,0.0,0.0,0.0,0.0,"Global Spectrum SARL"
"1001484","Day and Night Engliht Roller Blind Gris Size :90x210 cm","ROLLER BLIND","Raw Materials - GSS","PCs",6.0,0.0,0.0,0.0,6.0,0.0,0.0,0.0,0.0,0.0,"Global Spectrum SARL"
"1001485","Roller Blind Day and Night Beige Size :120x210 cm","ROLLER BLIND","Raw Materials - GSS","PCs",4.0,0.0,0.0,0.0,4.0,0.0,0.0,0.0,0.0,0.0,"Global Spectrum SARL"
"1001486","Roller Blind Day and Night Beige Size Blanc et Gris :120x210 cm","ROLLER BLIND","Raw Materials - GSS","PCs",1.0,0.0,0.0,0.0,1.0,0.0,0.0,0.0,0.0,0.0,"Global Spectrum SARL"
"1001487","Blackout Jacquard Roller Blind Beige 120x210 cm","ROLLER BLIND","Raw Materials - GSS","PCs",2.0,0.0,0.0,0.0,2.0,0.0,0.0,0.0,0.0,0.0,"Global Spectrum SARL"
"1001488","Blackout Jacquard Roller Blind Beige 180x210 cm","ROLLER BLIND","Raw Materials - GSS","PCs",1.0,0.0,0.0,0.0,1.0,0.0,0.0,0.0,0.0,0.0,"Global Spectrum SARL"
"1001489","Roller Blind Day and Night Beige Size :180x210 cm","ROLLER BLIND","Raw Materials - GSS","PCs",3.0,0.0,0.0,0.0,3.0,0.0,0.0,0.0,0.0,0.0,"Global Spectrum SARL"
"1001490","Roller Blind Day and Night Rouge Size :180x210 cm","ROLLER BLIND","Raw Materials - GSS","PCs",3.0,0.0,0.0,0.0,3.0,0.0,0.0,0.0,0.0,0.0,"Global Spectrum SARL"
"1001491","Roller Blind Day and Night Beige Size :150x210 cm","ROLLER BLIND","Raw Materials - GSS","PCs",1.0,0.0,0.0,0.0,1.0,0.0,0.0,0.0,0.0,0.0,"Global Spectrum SARL"
"1001492","Mayfield Extendable Single Drapery Rod 110x270 cm","ROLLER BLIND","Raw Materials - GSS","PCs",1.0,0.0,0.0,0.0,1.0,0.0,0.0,0.0,0.0,0.0,"Global Spectrum SARL"
"1001493","Stacked Extendable Double Drapery Rod 71x122cm","ROLLER BLIND","Raw Materials - GSS","PCs",12.0,0.0,0.0,0.0,12.0,0.0,0.0,0.0,0.0,0.0,"Global Spectrum SARL"
"1001494","Mayfield Extendable Single Drapery Rod 136x366 cm","ROLLER BLIND","Raw Materials - GSS","PCs",1.0,0.0,0.0,0.0,1.0,0.0,0.0,0.0,0.0,0.0,"Global Spectrum SARL"
"1001495","Trophy Extendable Double Drapery Rod 180x460 cm","ROLLER BLIND","Raw Materials - GSS","PCs",3.0,0.0,0.0,0.0,3.0,0.0,0.0,0.0,0.0,0.0,"Global Spectrum SARL"
"1001496","F-American Curtain Track  123x213 cm","ROLLER BLIND","Raw Materials - GSS","PCs",2.0,0.0,0.0,0.0,2.0,0.0,0.0,0.0,0.0,0.0,"Global Spectrum SARL"
"1001497","ROLLER BLIND 130m VIP","ROLLER BLIND","Raw Materials - GSS","PCs",11.0,0.0,0.0,0.0,11.0,0.0,0.0,0.0,0.0,0.0,"Global Spectrum SARL"
"1001498","ROLLER BLIND 125m  VIP","ROLLER BLIND","Raw Materials - GSS","PCs",2.0,0.0,0.0,0.0,2.0,0.0,0.0,0.0,0.0,0.0,"Global Spectrum SARL"
"1001500","ONYX BALL 32MM CURTAIN","ROLLER BLIND","Raw Materials - GSS","PCs",11.0,0.0,0.0,0.0,11.0,0.0,0.0,0.0,0.0,0.0,"Global Spectrum SARL"
"1001501","DIAMOND 25-22MM DOUBLE CURTAIN","ROLLER BLIND","Raw Materials - GSS","PCs",11.0,0.0,0.0,0.0,11.0,0.0,0.0,0.0,0.0,0.0,"Global Spectrum SARL"
"1001600","Runner rideau","Runner","Raw Materials - GSS","Roll",2.0,0.0,0.0,0.0,2.0,0.0,0.0,0.0,0.0,0.0,"Global Spectrum SARL"
"1001610","Sanding paper Apple abrasives disc 150mm sanding P100","Sanding paper","Raw Materials - GSS","PCs",1000.0,0.0,0.0,0.0,1000.0,0.0,0.0,0.0,0.0,0.0,"Global Spectrum SARL"
"1001611","Sanding paper Apple abrasives disc 150mm sanding P60","Sanding paper","Raw Materials - GSS","PCs",2000.0,0.0,0.0,0.0,2000.0,0.0,0.0,0.0,0.0,0.0,"Global Spectrum SARL"
"1001612","Sanding paper Aluminuim oxide velcro disc 150 mm P100","Sanding paper","Raw Materials - GSS","PCs",980.0,0.0,0.0,0.0,980.0,0.0,0.0,0.0,0.0,0.0,"Global Spectrum SARL"
"1001613","Sanding paper Aluminuim oxide velcro disc 150 mm P120","Sanding paper","Raw Materials - GSS","PCs",993.0,0.0,0.0,0.0,993.0,0.0,0.0,0.0,0.0,0.0,"Global Spectrum SARL"
"1001614","Sanding paper Aluminuim oxide velcro disc 150 mm P180","Sanding paper","Raw Materials - GSS","PCs",3976.0,0.0,0.0,0.0,3976.0,0.0,0.0,0.0,0.0,0.0,"Global Spectrum SARL"
"1001615","Sanding paper Aluminuim oxide velcro disc 150 mm P240","Sanding paper","Raw Materials - GSS","PCs",2935.0,0.0,0.0,0.0,2935.0,0.0,0.0,0.0,0.0,0.0,"Global Spectrum SARL"
"1001616","Sanding paper Aluminuim oxide velcro disc 150 mm P320","Sanding paper","Raw Materials - GSS","PCs",3771.0,0.0,0.0,0.0,3771.0,0.0,0.0,0.0,0.0,0.0,"Global Spectrum SARL"
"1001617","Sanding paper Saitac-s hand 230x280mm sanding paper P120","Sanding paper","Raw Materials - GSS","PCs",800.0,0.0,0.0,0.0,800.0,0.0,0.0,0.0,0.0,0.0,"Global Spectrum SARL"
"1001618","Sanding paper Saitac-s hand 230x280mm sanding paper P150","Sanding paper","Raw Materials - GSS","PCs",985.0,0.0,0.0,0.0,985.0,0.0,0.0,0.0,0.0,0.0,"Global Spectrum SARL"
"1001619","Sanding paper Saitac-s hand 230x280mm sanding paper P320","Sanding paper","Raw Materials - GSS","PCs",685.0,0.0,0.0,0.0,685.0,0.0,0.0,0.0,0.0,0.0,"Global Spectrum SARL"
"1001620","Sanding paper Saitac-s hand 230x280mm sanding paper P600","Sanding paper","Raw Materials - GSS","PCs",1000.0,0.0,0.0,0.0,1000.0,0.0,0.0,0.0,0.0,0.0,"Global Spectrum SARL"
"1001621","Sanding paper Saitac D-vel disc 150mm sanding paper P180","Sanding paper","Raw Materials - GSS","PCs",1140.0,0.0,0.0,0.0,1140.0,0.0,0.0,0.0,0.0,0.0,"Global Spectrum SARL"
"1001622","Sanding paper Saitac D-vel disc 150mm sanding paper P220","Sanding paper","Raw Materials - GSS","PCs",660.0,0.0,0.0,0.0,660.0,0.0,0.0,0.0,0.0,0.0,"Global Spectrum SARL"
"1001623","Sanding paper Saitac D-vel disc 150mm sanding paper P320","Sanding paper","Raw Materials - GSS","PCs",836.0,0.0,0.0,0.0,836.0,0.0,0.0,0.0,0.0,0.0,"Global Spectrum SARL"
"1001624","Sanding paper Rhynogrip disc indasa sanding paper P180","Sanding paper","Raw Materials - GSS","PCs",610.0,0.0,0.0,0.0,610.0,0.0,0.0,0.0,0.0,0.0,"Global Spectrum SARL"
"1001625","Sanding paper Saitac-vel disc 150mm sanding paper P180","Sanding paper","Raw Materials - GSS","PCs",300.0,0.0,0.0,0.0,300.0,0.0,0.0,0.0,0.0,0.0,"Global Spectrum SARL"
"1001626","Sanding paper Mirka gold disc sanding paper P60","Sanding paper","Raw Materials - GSS","PCs",56.0,0.0,0.0,0.0,56.0,0.0,0.0,0.0,0.0,0.0,"Global Spectrum SARL"
"1001627","Sanding paper Mirka gold disc sanding paper P80","Sanding paper","Raw Materials - GSS","PCs",660.0,0.0,0.0,0.0,660.0,0.0,0.0,0.0,0.0,0.0,"Global Spectrum SARL"
"1001628","Sanding paper Mirka gold disc sanding paper P120","Sanding paper","Raw Materials - GSS","PCs",244.0,0.0,0.0,0.0,244.0,0.0,0.0,0.0,0.0,0.0,"Global Spectrum SARL"
"1001629","Sanding paper  Wet & dry high quality latexed 230x280 mm sanding paper P60","Sanding paper","Raw Materials - GSS","PCs",952.0,0.0,0.0,0.0,952.0,0.0,0.0,0.0,0.0,0.0,"Global Spectrum SARL"
"1001630","Sanding paper  Wet & dry high quality latexed 230x280 mm sanding paper P80","Sanding paper","Raw Materials - GSS","PCs",854.0,0.0,0.0,0.0,854.0,0.0,0.0,0.0,0.0,0.0,"Global Spectrum SARL"
"1001631","Sanding paper  Kw-flevoxit 230x280mm sanding paper P80","Sanding paper","Raw Materials - GSS","PCs",1500.0,0.0,0.0,0.0,1500.0,0.0,0.0,0.0,0.0,0.0,"Global Spectrum SARL"
"1001632","Sanding paper Kw-flevoxit 230x280mm sanding paper P100","Sanding paper","Raw Materials - GSS","PCs",2450.0,0.0,0.0,0.0,2450.0,0.0,0.0,0.0,0.0,0.0,"Global Spectrum SARL"
"1001633","Sanding paper Kw-flevoxit 230x280mm sanding paper P120","Sanding paper","Raw Materials - GSS","PCs",169.0,0.0,0.0,0.0,169.0,0.0,0.0,0.0,0.0,0.0,"Global Spectrum SARL"
"1001634","Sanding paper  Kw-flevoxit 230x280mm sanding paper P180","Sanding paper","Raw Materials - GSS","PCs",2000.0,0.0,0.0,0.0,2000.0,0.0,0.0,0.0,0.0,0.0,"Global Spectrum SARL"
"1001635","Sanding paper Kw-flevoxit 230x280mm sanding paper P220","Sanding paper","Raw Materials - GSS","PCs",950.0,0.0,0.0,0.0,950.0,0.0,0.0,0.0,0.0,0.0,"Global Spectrum SARL"
"1001636","Sanding paper Kw-flevoxit 230x280mm sanding paper P320","Sanding paper","Raw Materials - GSS","PCs",964.0,0.0,0.0,0.0,964.0,0.0,0.0,0.0,0.0,0.0,"Global Spectrum SARL"
"1001637","Sanding paper  Kw-flevoxit 230x280mm sanding paper P400","Sanding paper","Raw Materials - GSS","PCs",1000.0,0.0,0.0,0.0,1000.0,0.0,0.0,0.0,0.0,0.0,"Global Spectrum SARL"
"1001638","Sanding paper Kw-flevoxit 230x280mm sanding paper P600","Sanding paper","Raw Materials - GSS","PCs",152.0,0.0,0.0,0.0,152.0,0.0,0.0,0.0,0.0,0.0,"Global Spectrum SARL"
"1001639","Sanding paper Pigeon abrasive green size 9x11"" sanding P150","Sanding paper","Raw Materials - GSS","PCs",188.0,0.0,0.0,0.0,188.0,0.0,0.0,0.0,0.0,0.0,"Global Spectrum SARL"
"1001640","Sanding paper Pigeon abrasive green size 9x11"" sanding P180","Sanding paper","Raw Materials - GSS","PCs",1000.0,0.0,0.0,0.0,1000.0,0.0,0.0,0.0,0.0,0.0,"Global Spectrum SARL"
"1001670","Serrure de meuble "" Yalo""","Serrure","Raw Materials - GSS","PCs",16.0,0.0,0.0,0.0,16.0,0.0,0.0,0.0,0.0,0.0,"Global Spectrum SARL"
"1001680","Shelf Support Colour white box/500pcs","Shelf Support","Raw Materials - GSS","Box",10.0,0.0,0.0,0.0,10.0,0.0,0.0,0.0,0.0,0.0,"Global Spectrum SARL"
"1001681","Shelf Support Colour Brown box/500pcs","Shelf Support","Raw Materials - GSS","Box",24.0,0.0,0.0,0.0,24.0,0.0,0.0,0.0,0.0,0.0,"Global Spectrum SARL"
"1001682","Shelf Support metal silver","Shelf Support","Raw Materials - GSS","PCs",4318.0,0.0,0.0,0.0,4318.0,0.0,0.0,0.0,0.0,0.0,"Global Spectrum SARL"
"1001700","sikafloor 23,1 kg","Sikafloor","Raw Materials - GSS","Gal",10.0,0.0,0.0,0.0,10.0,0.0,0.0,0.0,0.0,0.0,"Global Spectrum SARL"
"1001701","sikafloor 4,9 kg","Sikafloor","Raw Materials - GSS","Gal",10.0,0.0,0.0,0.0,10.0,0.0,0.0,0.0,0.0,0.0,"Global Spectrum SARL"
"1001710","Silicone white","Silicone","Raw Materials - GSS","PCs",145.0,0.0,0.0,0.0,145.0,0.0,0.0,0.0,0.0,0.0,"Global Spectrum SARL"
"1001711","Silicone Clear","Silicone","Raw Materials - GSS","PCs",73.0,0.0,0.0,0.0,73.0,0.0,0.0,0.0,0.0,0.0,"Global Spectrum SARL"
"1001720","Stainless steel bathroom type 70mm","Stainless steel","Raw Materials - GSS","PCs",8.0,0.0,0.0,0.0,8.0,0.0,0.0,0.0,0.0,0.0,"Global Spectrum SARL"
"1001730","Stapler pin F38","Stapler","Raw Materials - GSS","Box",42.0,0.0,0.0,0.0,42.0,0.0,0.0,0.0,0.0,0.0,"Global Spectrum SARL"
"1001731","Stapler pin F30","Stapler","Raw Materials - GSS","Box",10.0,0.0,0.0,0.0,10.0,0.0,0.0,0.0,0.0,0.0,"Global Spectrum SARL"
"1001732","Stapler pin F25","Stapler","Raw Materials - GSS","Box",41.0,0.0,0.0,0.0,41.0,0.0,0.0,0.0,0.0,0.0,"Global Spectrum SARL"
"1001733","Stapler pin F20","Stapler","Raw Materials - GSS","Box",6.0,0.0,0.0,0.0,6.0,0.0,0.0,0.0,0.0,0.0,"Global Spectrum SARL"
"1001734","Stapler pin F15","Stapler","Raw Materials - GSS","Box",11.0,0.0,0.0,0.0,11.0,0.0,0.0,0.0,0.0,0.0,"Global Spectrum SARL"
"1001735","Stapler pin brads NP25","Stapler","Raw Materials - GSS","Box",8.0,0.0,0.0,0.0,8.0,0.0,0.0,0.0,0.0,0.0,"Global Spectrum SARL"
"1001737","Stapler pin 80/10  80pcs/Box","Stapler","Raw Materials - GSS","Box",337.0,0.0,0.0,0.0,337.0,0.0,0.0,0.0,0.0,0.0,"Global Spectrum SARL"
"1001738","Stapler pin 80/06 150pcs/Box","Stapler","Raw Materials - GSS","Box",69.0,0.0,0.0,0.0,69.0,0.0,0.0,0.0,0.0,0.0,"Global Spectrum SARL"
"1001739","Stapler pin 80/12  80pcs/Box","Stapler","Raw Materials - GSS","Box",134.0,0.0,0.0,0.0,134.0,0.0,0.0,0.0,0.0,0.0,"Global Spectrum SARL"
"1001740","Stapler pin 80/06 100pcs/Box","Stapler","Raw Materials - GSS","Box",37.0,0.0,0.0,0.0,37.0,0.0,0.0,0.0,0.0,0.0,"Global Spectrum SARL"
"1001741","Stapler pin 80/4  50pcs/Box","Stapler","Raw Materials - GSS","Box",25.0,0.0,0.0,0.0,25.0,0.0,0.0,0.0,0.0,0.0,"Global Spectrum SARL"
"1001742","Stapler pin 80/4  100pcs/Box","Stapler","Raw Materials - GSS","Box",40.0,0.0,0.0,0.0,40.0,0.0,0.0,0.0,0.0,0.0,"Global Spectrum SARL"
"1001743","Stapler pin MG/18  180pcs/Box","Stapler","Raw Materials - GSS","Box",6.0,0.0,0.0,0.0,6.0,0.0,0.0,0.0,0.0,0.0,"Global Spectrum SARL"
"1001744","Stapler pin 80/14  80pcs/Box","Stapler","Raw Materials - GSS","Box",6.0,0.0,0.0,0.0,6.0,0.0,0.0,0.0,0.0,0.0,"Global Spectrum SARL"
"1001745","Stapler pin 380/6  240pcs/Box","Stapler","Raw Materials - GSS","Box",6.0,0.0,0.0,0.0,6.0,0.0,0.0,0.0,0.0,0.0,"Global Spectrum SARL"
"1001746","Stapler pin 380/08  210pcs/Box","Stapler","Raw Materials - GSS","Box",7.0,0.0,0.0,0.0,7.0,0.0,0.0,0.0,0.0,0.0,"Global Spectrum SARL"
"1001747","Stapler pin 380/10  180pcs/Box","Stapler","Raw Materials - GSS","Box",15.0,0.0,0.0,0.0,15.0,0.0,0.0,0.0,0.0,0.0,"Global Spectrum SARL"
"1001748","Stapler pin U 14/50  5cm""","Stapler","Raw Materials - GSS","PCs",1486.0,0.0,0.0,0.0,1486.0,0.0,0.0,0.0,0.0,0.0,"Global Spectrum SARL"
"1001749","Stapler pin U 14/38  4cm""","Stapler","Raw Materials - GSS","PCs",331.0,0.0,0.0,0.0,331.0,0.0,0.0,0.0,0.0,0.0,"Global Spectrum SARL"
"1001750","Stapler pin U AST18401  4cm""","Stapler","Raw Materials - GSS","PCs",162.0,0.0,0.0,0.0,162.0,0.0,0.0,0.0,0.0,0.0,"Global Spectrum SARL"
"1001770","Pneumatic tools AT1225BZ MAKITA","Stapler gun","Raw Materials - GSS","PCs",1.0,0.0,0.0,0.0,1.0,0.0,0.0,0.0,0.0,0.0,"Global Spectrum SARL"
"1001771","Pneumatic tools unoair","Stapler gun","Raw Materials - GSS","PCs",2.0,0.0,0.0,0.0,2.0,0.0,0.0,0.0,0.0,0.0,"Global Spectrum SARL"
"1001772","Pneumatic tools GUN NAILS","Stapler gun","Raw Materials - GSS","PCs",1.0,0.0,0.0,0.0,1.0,0.0,0.0,0.0,0.0,0.0,"Global Spectrum SARL"
"1001900","Steel Concrete Nails Size n°10 cm/ 20 pcs","Steel concrete","Raw Materials - GSS","Box",184.0,0.0,0.0,0.0,184.0,0.0,0.0,0.0,0.0,0.0,"Global Spectrum SARL"
"1001901","Steel Concrete Nails Size n°6 cm/ 44 pcs","Steel concrete","Raw Materials - GSS","Box",235.0,0.0,0.0,0.0,235.0,0.0,0.0,0.0,0.0,0.0,"Global Spectrum SARL"
"1001902","Steel Concrete Nails Size n°5 cm/ 55 pcs","Steel concrete","Raw Materials - GSS","Box",174.0,0.0,0.0,0.0,174.0,0.0,0.0,0.0,0.0,0.0,"Global Spectrum SARL"
"1001903","Steel Concrete Nails Size n°8 cm/ 34 pcs","Steel concrete","Raw Materials - GSS","Box",283.0,0.0,0.0,0.0,283.0,0.0,0.0,0.0,0.0,0.0,"Global Spectrum SARL"
"1001904","Steel Concrete Nails Size n°2 cm/ 182 pcs","Steel concrete","Raw Materials - GSS","Box",143.0,0.0,0.0,0.0,143.0,0.0,0.0,0.0,0.0,0.0,"Global Spectrum SARL"
"1001905","Steel Concrete Nails Size n°3 cm/ 113 pcs","Steel concrete","Raw Materials - GSS","Box",145.0,0.0,0.0,0.0,145.0,0.0,0.0,0.0,0.0,0.0,"Global Spectrum SARL"
"1002000","Tape rideau","Tape","Raw Materials - GSS","Roll",9.0,0.0,0.0,0.0,9.0,0.0,0.0,0.0,0.0,0.0,"Global Spectrum SARL"
"1002010","Tassel Tieback CHARI 91 cm Grey","Tassel Tieback","Raw Materials - GSS","PCs",6.0,0.0,0.0,0.0,6.0,0.0,0.0,0.0,0.0,0.0,"Global Spectrum SARL"
"1002011","Tassel Tieback Brown SAFARI 91 cm","Tassel Tieback","Raw Materials - GSS","PCs",7.0,0.0,0.0,0.0,7.0,0.0,0.0,0.0,0.0,0.0,"Global Spectrum SARL"
"1002012","Tassel Tieback AJANTA 91 cm","Tassel Tieback","Raw Materials - GSS","PCs",7.0,0.0,0.0,0.0,7.0,0.0,0.0,0.0,0.0,0.0,"Global Spectrum SARL"
"1002013","Tassel Tieback MAHARAJA Grey blue 91 cm","Tassel Tieback","Raw Materials - GSS","PCs",7.0,0.0,0.0,0.0,7.0,0.0,0.0,0.0,0.0,0.0,"Global Spectrum SARL"
"1002014","Tassel Tieback PALACE blue/silver 91cm","Tassel Tieback","Raw Materials - GSS","PCs",7.0,0.0,0.0,0.0,7.0,0.0,0.0,0.0,0.0,0.0,"Global Spectrum SARL"
"1002015","Tassel Tieback ELEGANT Blanc 91cm","Tassel Tieback","Raw Materials - GSS","PCs",7.0,0.0,0.0,0.0,7.0,0.0,0.0,0.0,0.0,0.0,"Global Spectrum SARL"
"1002016","Tassel Tieback GEO 91cm","Tassel Tieback","Raw Materials - GSS","PCs",7.0,0.0,0.0,0.0,7.0,0.0,0.0,0.0,0.0,0.0,"Global Spectrum SARL"
"1002017","Tassel Tieback MAJOLIKA White 91 cm","Tassel Tieback","Raw Materials - GSS","PCs",7.0,0.0,0.0,0.0,7.0,0.0,0.0,0.0,0.0,0.0,"Global Spectrum SARL"
"1002018","Tassel Tieback ELECTRO Grey/blue Mix 91 cm","Tassel Tieback","Raw Materials - GSS","PCs",2.0,0.0,0.0,0.0,2.0,0.0,0.0,0.0,0.0,0.0,"Global Spectrum SARL"
"1002019","Tassel Tieback Sofia cream 75cm","Tassel Tieback","Raw Materials - GSS","PCs",7.0,0.0,0.0,0.0,7.0,0.0,0.0,0.0,0.0,0.0,"Global Spectrum SARL"
"1002020","Tassel Tieback Rope Colour Red","Tassel Tieback","Raw Materials - GSS","PCs",5.0,0.0,0.0,0.0,5.0,0.0,0.0,0.0,0.0,0.0,"Global Spectrum SARL"
"1002021","Set of 2 Curtain Tiebacks colour Silver","Tassel Tieback","Raw Materials - GSS","PCs",4.0,0.0,0.0,0.0,4.0,0.0,0.0,0.0,0.0,0.0,"Global Spectrum SARL"
"1002022","Set of 2 Curtain Tiebacks colour Gold","Tassel Tieback","Raw Materials - GSS","PCs",10.0,0.0,0.0,0.0,10.0,0.0,0.0,0.0,0.0,0.0,"Global Spectrum SARL"
"1002023","Onyx Set of 2 Curtain Tiebacks colour Silver","Tassel Tieback","Raw Materials - GSS","PCs",14.0,0.0,0.0,0.0,14.0,0.0,0.0,0.0,0.0,0.0,"Global Spectrum SARL"
"1002050","Velcron Loop Hook White 5cm/25mm","Velcron","Raw Materials - GSS","Roll",80.0,0.0,0.0,0.0,80.0,0.0,0.0,0.0,0.0,0.0,"Global Spectrum SARL"
"1002051","Velcron Loop Hook Beige 5cm/25mm","Velcron","Raw Materials - GSS","Roll",60.0,0.0,0.0,0.0,60.0,0.0,0.0,0.0,0.0,0.0,"Global Spectrum SARL"
"1002052","Velcron Loop Hook Marron 5cm/25mm","Velcron","Raw Materials - GSS","Roll",29.0,0.0,0.0,0.0,29.0,0.0,0.0,0.0,0.0,0.0,"Global Spectrum SARL"
"1002053","Velcron Loop Hook White 2cm/25mm","Velcron","Raw Materials - GSS","Roll",6.0,0.0,0.0,0.0,6.0,0.0,0.0,0.0,0.0,0.0,"Global Spectrum SARL"
"1002054","Velcron Loop Hook Black 2cm/25mm","Velcron","Raw Materials - GSS","Roll",1.0,0.0,0.0,0.0,1.0,0.0,0.0,0.0,0.0,0.0,"Global Spectrum SARL"
"1002055","Velcron Loop Hook Beige 2cm/25mm","Velcron","Raw Materials - GSS","Roll",1.0,0.0,0.0,0.0,1.0,0.0,0.0,0.0,0.0,0.0,"Global Spectrum SARL"
"1002100","Vinito mrl 59c sn/gp","Vinito","Raw Materials - GSS","PCs",3.0,0.0,0.0,0.0,3.0,0.0,0.0,0.0,0.0,0.0,"Global Spectrum SARL"
"1002101","Vinito handel door  M-7045 Sn/cp","Vinito","Raw Materials - GSS","PCs",2.0,0.0,0.0,0.0,2.0,0.0,0.0,0.0,0.0,0.0,"Global Spectrum SARL"
"1002120","wallpaper 27725-1 (106cmX15,6cm)","Wallpaper","Raw Materials - GSS","Roll",3.0,0.0,0.0,0.0,3.0,0.0,0.0,0.0,0.0,0.0,"Global Spectrum SARL"
"1002122","wallpaper 34506-4 (106cmX15,6cm)","Wallpaper","Raw Materials - GSS","Roll",3.0,0.0,0.0,0.0,3.0,0.0,0.0,0.0,0.0,0.0,"Global Spectrum SARL"
"1002123","wallpaper 34518-2 (106cmX15,6cm)","Wallpaper","Raw Materials - GSS","Roll",6.0,0.0,0.0,0.0,6.0,0.0,0.0,0.0,0.0,0.0,"Global Spectrum SARL"
"1002124","wallpaper 27714-2 (106cmX15,6cm)","Wallpaper","Raw Materials - GSS","Roll",1.0,0.0,0.0,0.0,1.0,0.0,0.0,0.0,0.0,0.0,"Global Spectrum SARL"
"1002125","wallpaper 34507-2 (106cmX15,6cm)","Wallpaper","Raw Materials - GSS","Roll",1.0,0.0,0.0,0.0,1.0,0.0,0.0,0.0,0.0,0.0,"Global Spectrum SARL"
"1002126","wallpaper 9363-1   (106cmX15,6cm)","Wallpaper","Raw Materials - GSS","Roll",3.0,0.0,0.0,0.0,3.0,0.0,0.0,0.0,0.0,0.0,"Global Spectrum SARL"
"1002127","wallpaper 34523-4 (106cmX15,6cm)","Wallpaper","Raw Materials - GSS","Roll",8.0,0.0,0.0,0.0,8.0,0.0,0.0,0.0,0.0,0.0,"Global Spectrum SARL"
"1002128","wallpaper 34524-4 (106cmX15,6cm)","Wallpaper","Raw Materials - GSS","Roll",9.0,0.0,0.0,0.0,9.0,0.0,0.0,0.0,0.0,0.0,"Global Spectrum SARL"
"1002129","wallpaper 10258-1 (106cmX15,6cm)","Wallpaper","Raw Materials - GSS","Roll",3.0,0.0,0.0,0.0,3.0,0.0,0.0,0.0,0.0,0.0,"Global Spectrum SARL"
"1002130","wallpaper 10233-1 (106cmX15,6cm)","Wallpaper","Raw Materials - GSS","Roll",3.0,0.0,0.0,0.0,3.0,0.0,0.0,0.0,0.0,0.0,"Global Spectrum SARL"
"1002131","wallpaper 10269-1 (106cmX15,6cm)","Wallpaper","Raw Materials - GSS","Roll",2.0,0.0,0.0,0.0,2.0,0.0,0.0,0.0,0.0,0.0,"Global Spectrum SARL"
"1002132","wallpaper 10299-2 (106cmX15,6cm)","Wallpaper","Raw Materials - GSS","Roll",2.0,0.0,0.0,0.0,2.0,0.0,0.0,0.0,0.0,0.0,"Global Spectrum SARL"
"1002133","wallpaper 10289-2 (106cmX15,6cm)","Wallpaper","Raw Materials - GSS","Roll",8.0,0.0,0.0,0.0,8.0,0.0,0.0,0.0,0.0,0.0,"Global Spectrum SARL"
"1002134","wallpaper F8212-2 (106cmX15,6cm)","Wallpaper","Raw Materials - GSS","Roll",1.0,0.0,0.0,0.0,1.0,0.0,0.0,0.0,0.0,0.0,"Global Spectrum SARL"
"1002135","wallpaper 83210-1 (106cmX15,6cm)","Wallpaper","Raw Materials - GSS","Roll",6.0,0.0,0.0,0.0,6.0,0.0,0.0,0.0,0.0,0.0,"Global Spectrum SARL"
"1002136","wallpaper 83218-2 (106cmX15,6cm)","Wallpaper","Raw Materials - GSS","Roll",3.0,0.0,0.0,0.0,3.0,0.0,0.0,0.0,0.0,0.0,"Global Spectrum SARL"
"1002138","wallpaper W68408 (106cmX15,6cm)","Wallpaper","Raw Materials - GSS","Roll",5.0,0.0,0.0,0.0,5.0,0.0,0.0,0.0,0.0,0.0,"Global Spectrum SARL"
"1002139","wallpaper W68809 (106cmX15,6cm)","Wallpaper","Raw Materials - GSS","Roll",2.0,0.0,0.0,0.0,2.0,0.0,0.0,0.0,0.0,0.0,"Global Spectrum SARL"
"1002140","wallpaper W68402 (106cmX15,6cm)","Wallpaper","Raw Materials - GSS","Roll",4.0,0.0,0.0,0.0,4.0,0.0,0.0,0.0,0.0,0.0,"Global Spectrum SARL"
"1002141","wallpaper 1748-2 (106cmX15,6cm)","Wallpaper","Raw Materials - GSS","Roll",5.0,0.0,0.0,0.0,5.0,0.0,0.0,0.0,0.0,0.0,"Global Spectrum SARL"
"1002142","wallpaper 34508-3 (106cmX15,6cm)","Wallpaper","Raw Materials - GSS","Roll",3.0,0.0,0.0,0.0,3.0,0.0,0.0,0.0,0.0,0.0,"Global Spectrum SARL"
"1002143","wallpaper 8207-1 (106cmX15,6cm)","Wallpaper","Raw Materials - GSS","Roll",1.0,0.0,0.0,0.0,1.0,0.0,0.0,0.0,0.0,0.0,"Global Spectrum SARL"
"1002144","wallpaper 83084-2 (106cmX15,6cm)","Wallpaper","Raw Materials - GSS","Roll",1.0,0.0,0.0,0.0,1.0,0.0,0.0,0.0,0.0,0.0,"Global Spectrum SARL"
"1002145","Wallpaper paintable blanc n°284 (10,05MX0,52M)","Wallpaper","Raw Materials - GSS","Roll",8.0,0.0,0.0,0.0,8.0,0.0,0.0,0.0,0.0,0.0,"Global Spectrum SARL"
"1002146","Vinyl Lourd Silver/ Grey N°20-957(10,05MX0,52M)","Wallpaper","Raw Materials - GSS","Roll",8.0,0.0,0.0,0.0,8.0,0.0,0.0,0.0,0.0,0.0,"Global Spectrum SARL"
"1002147","Vinyl Stylit Rouge (10,05MX0,52M)","Wallpaper","Raw Materials - GSS","Roll",5.0,0.0,0.0,0.0,5.0,0.0,0.0,0.0,0.0,0.0,"Global Spectrum SARL"
"1002148","Vinyl Graham&Brown Taupe/Gold N°100505 (10,05MX0,52M)","Wallpaper","Raw Materials - GSS","Roll",4.0,0.0,0.0,0.0,4.0,0.0,0.0,0.0,0.0,0.0,"Global Spectrum SARL"
"1002149","Vinyl Graham&Brown Rose/Gold N°100537 (10,05MX0,52M)","Wallpaper","Raw Materials - GSS","Roll",6.0,0.0,0.0,0.0,6.0,0.0,0.0,0.0,0.0,0.0,"Global Spectrum SARL"
"1002150","Vinyl Graham&Brown Dove N°33-319 (10,05MX0,52M)","Wallpaper","Raw Materials - GSS","Roll",8.0,0.0,0.0,0.0,8.0,0.0,0.0,0.0,0.0,0.0,"Global Spectrum SARL"
"1002152","Marco Polo 107  (10,05MX0,53M)","Wallpaper","Raw Materials - GSS","Roll",1.0,0.0,0.0,0.0,1.0,0.0,0.0,0.0,0.0,0.0,"Global Spectrum SARL"
"1002153","Vinyl Charcoal/Gold N°101470 (10,05MX0,52M)","Wallpaper","Raw Materials - GSS","Roll",8.0,0.0,0.0,0.0,8.0,0.0,0.0,0.0,0.0,0.0,"Global Spectrum SARL"
"1002154","Florescence 02 Cameo 10,05 X 0,52M","Wallpaper","Raw Materials - GSS","Roll",5.0,0.0,0.0,0.0,5.0,0.0,0.0,0.0,0.0,0.0,"Global Spectrum SARL"
"1002155","Florescence 01 Celadon 10,05 X 0,52M","Wallpaper","Raw Materials - GSS","Roll",5.0,0.0,0.0,0.0,5.0,0.0,0.0,0.0,0.0,0.0,"Global Spectrum SARL"
"1002156","Vinyl Mulbery N°33-320 (10,05MX0,52M)","Wallpaper","Raw Materials - GSS","Roll",6.0,0.0,0.0,0.0,6.0,0.0,0.0,0.0,0.0,0.0,"Global Spectrum SARL"
"1002157","Vinyl Damaskeen N°2 Sand (10,05MX0,52M)","Wallpaper","Raw Materials - GSS","Roll",2.0,0.0,0.0,0.0,2.0,0.0,0.0,0.0,0.0,0.0,"Global Spectrum SARL"
"1002158","Vinyl white/ Gold N°101469 Sand (10,05MX0,52M)","Wallpaper","Raw Materials - GSS","Roll",4.0,0.0,0.0,0.0,4.0,0.0,0.0,0.0,0.0,0.0,"Global Spectrum SARL"
"1002159","Vinyl Beige/ Gold N°101444 Sand (10,05MX0,52M)","Wallpaper","Raw Materials - GSS","Roll",4.0,0.0,0.0,0.0,4.0,0.0,0.0,0.0,0.0,0.0,"Global Spectrum SARL"
"1002160","Wallpaper blanc (10,05MX0,53M)","Wallpaper","Raw Materials - GSS","Roll",1.0,0.0,0.0,0.0,1.0,0.0,0.0,0.0,0.0,0.0,"Global Spectrum SARL"
"1002161","Wallpaper new 65612","Wallpaper","Raw Materials - GSS","Roll",1.0,0.0,0.0,0.0,1.0,0.0,0.0,0.0,0.0,0.0,"Global Spectrum SARL"
"1002162","Wallpaper new 9459,2","Wallpaper","Raw Materials - GSS","Roll",1.0,0.0,0.0,0.0,1.0,0.0,0.0,0.0,0.0,0.0,"Global Spectrum SARL"
"1002163","Wallpaper beige 086064  (10,05MX0,53M) NEW","Wallpaper","Raw Materials - GSS","Roll",8.0,0.0,0.0,0.0,8.0,0.0,0.0,0.0,0.0,0.0,"Global Spectrum SARL"
"1002200","WHITE RAIL RIDEAU N 01 (71cm-120cm)","White rail rideau","Raw Materials - GSS","PCs",74.0,0.0,0.0,0.0,74.0,0.0,0.0,0.0,0.0,0.0,"Global Spectrum SARL"
"1002201","WHITE RAIL RIDEAU N 02 (71,12cm-121,96cm)","White rail rideau","Raw Materials - GSS","PCs",98.0,0.0,0.0,0.0,98.0,0.0,0.0,0.0,0.0,0.0,"Global Spectrum SARL"
"1002202","WHITE RAIL RIDEAU N 03 (160cm-300cm)","White rail rideau","Raw Materials - GSS","PCs",13.0,0.0,0.0,0.0,13.0,0.0,0.0,0.0,0.0,0.0,"Global Spectrum SARL"
"1002203","WHITE RAIL RIDEAU N 04 (213,36cm-396,24cm)","White rail rideau","Raw Materials - GSS","PCs",90.0,0.0,0.0,0.0,90.0,0.0,0.0,0.0,0.0,0.0,"Global Spectrum SARL"
"1002230","Wire nails 2 cm","Wire nails","Raw Materials - GSS","Box",50.0,0.0,0.0,0.0,50.0,0.0,0.0,0.0,0.0,0.0,"Global Spectrum SARL"
"1002231","Wire nails 2,5 cm","Wire nails","Raw Materials - GSS","Box",50.0,0.0,0.0,0.0,50.0,0.0,0.0,0.0,0.0,0.0,"Global Spectrum SARL"
"1002232","Wire nails 5 cm","Wire nails","Raw Materials - GSS","Box",50.0,0.0,0.0,0.0,50.0,0.0,0.0,0.0,0.0,0.0,"Global Spectrum SARL"
"1002250","Wooden leg 13cm","Wooden leg","Raw Materials - GSS","PCs",8.0,0.0,0.0,0.0,8.0,0.0,0.0,0.0,0.0,0.0,"Global Spectrum SARL"
"1002251","Wooden leg 13cm","Wooden leg","Raw Materials - GSS","PCs",37.0,0.0,0.0,0.0,37.0,0.0,0.0,0.0,0.0,0.0,"Global Spectrum SARL"
"1002252","Wooden leg 10cm","Wooden leg","Raw Materials - GSS","PCs",132.0,0.0,0.0,0.0,132.0,0.0,0.0,0.0,0.0,0.0,"Global Spectrum SARL"
"1002253","Wooden leg 22cm","Wooden leg","Raw Materials - GSS","PCs",100.0,0.0,0.0,0.0,100.0,0.0,0.0,0.0,0.0,0.0,"Global Spectrum SARL"
"1002254","Wooden leg 22cm","Wooden leg","Raw Materials - GSS","PCs",67.0,0.0,0.0,0.0,67.0,0.0,0.0,0.0,0.0,0.0,"Global Spectrum SARL"
"1002255","Wooden leg 10,5cm","Wooden leg","Raw Materials - GSS","PCs",20.0,0.0,0.0,0.0,20.0,0.0,0.0,0.0,0.0,0.0,"Global Spectrum SARL"
"1002256","Wooden leg 38cm","Wooden leg","Raw Materials - GSS","PCs",37.0,0.0,0.0,0.0,37.0,0.0,0.0,0.0,0.0,0.0,"Global Spectrum SARL"
"1002257","Wooden leg 21,5cm","Wooden leg","Raw Materials - GSS","PCs",18.0,0.0,0.0,0.0,18.0,0.0,0.0,0.0,0.0,0.0,"Global Spectrum SARL"
"1002258","Wooden leg 11,5cm","Wooden leg","Raw Materials - GSS","PCs",16.0,0.0,0.0,0.0,16.0,0.0,0.0,0.0,0.0,0.0,"Global Spectrum SARL"
"1002259","Wooden leg 10,5cm","Wooden leg","Raw Materials - GSS","PCs",155.0,0.0,0.0,0.0,155.0,0.0,0.0,0.0,0.0,0.0,"Global Spectrum SARL"
"1002260","Wooden leg 21cm","Wooden leg","Raw Materials - GSS","PCs",6.0,0.0,0.0,0.0,6.0,0.0,0.0,0.0,0.0,0.0,"Global Spectrum SARL"
"1002261","Wooden leg 10,5cm","Wooden leg","Raw Materials - GSS","PCs",43.0,0.0,0.0,0.0,43.0,0.0,0.0,0.0,0.0,0.0,"Global Spectrum SARL"
"1002262","Wooden leg 16cm","Wooden leg","Raw Materials - GSS","PCs",8.0,0.0,0.0,0.0,8.0,0.0,0.0,0.0,0.0,0.0,"Global Spectrum SARL"
"1002263","Wooden leg 7,5cm","Wooden leg","Raw Materials - GSS","PCs",30.0,0.0,0.0,0.0,30.0,0.0,0.0,0.0,0.0,0.0,"Global Spectrum SARL"
"1002264","Wooden leg 12cm","Wooden leg","Raw Materials - GSS","PCs",118.0,0.0,0.0,0.0,118.0,0.0,0.0,0.0,0.0,0.0,"Global Spectrum SARL"
"1002265","Wooden leg 10 cm","Wooden leg","Raw Materials - GSS","PCs",172.0,0.0,0.0,0.0,172.0,0.0,0.0,0.0,0.0,0.0,"Global Spectrum SARL"
"1002266","Wooden leg 10cm golden","Wooden leg","Raw Materials - GSS","PCs",79.0,0.0,0.0,0.0,79.0,0.0,0.0,0.0,0.0,0.0,"Global Spectrum SARL"
"1002267","Wooden leg 15cm","Wooden leg","Raw Materials - GSS","PCs",8.0,0.0,0.0,0.0,8.0,0.0,0.0,0.0,0.0,0.0,"Global Spectrum SARL"
"1002268","Wooden leg 13cm","Wooden leg","Raw Materials - GSS","PCs",8.0,0.0,0.0,0.0,8.0,0.0,0.0,0.0,0.0,0.0,"Global Spectrum SARL"
"1002269","Wooden leg 16cm","Wooden leg","Raw Materials - GSS","PCs",12.0,0.0,0.0,0.0,12.0,0.0,0.0,0.0,0.0,0.0,"Global Spectrum SARL"
"1002270","Wooden leg 12cm","Wooden leg","Raw Materials - GSS","PCs",20.0,0.0,0.0,0.0,20.0,0.0,0.0,0.0,0.0,0.0,"Global Spectrum SARL"
"1002271","Wooden leg 12cm with rail","Wooden leg","Raw Materials - GSS","PCs",20.0,0.0,0.0,0.0,20.0,0.0,0.0,0.0,0.0,0.0,"Global Spectrum SARL"
"1002272","Wooden leg 10cm","Wooden leg","Raw Materials - GSS","PCs",12.0,0.0,0.0,0.0,12.0,0.0,0.0,0.0,0.0,0.0,"Global Spectrum SARL"
"1002273","Wooden leg 12cm","Wooden leg","Raw Materials - GSS","PCs",14.0,0.0,0.0,0.0,14.0,0.0,0.0,0.0,0.0,0.0,"Global Spectrum SARL"
"1002274","Wooden leg 6,5cm","Wooden leg","Raw Materials - GSS","PCs",36.0,0.0,0.0,0.0,36.0,0.0,0.0,0.0,0.0,0.0,"Global Spectrum SARL"
"1002300","Zipper Noir N°3 100 Mtr","Zipper","Raw Materials - GSS","Mtr",24.0,0.0,0.0,0.0,24.0,0.0,0.0,0.0,0.0,0.0,"Global Spectrum SARL"
"1002301","Zipper Marron FONCE  N°3 100 Mtr","Zipper","Raw Materials - GSS","Mtr",18.0,0.0,0.0,0.0,18.0,0.0,0.0,0.0,0.0,0.0,"Global Spectrum SARL"
"1002302","Zipper Marron Clair N°3  100 Mtr","Zipper","Raw Materials - GSS","Mtr",17.0,0.0,0.0,0.0,17.0,0.0,0.0,0.0,0.0,0.0,"Global Spectrum SARL"
"1002303","Zipper Blanc N°3 100 Mtr","Zipper","Raw Materials - GSS","Mtr",19.0,0.0,0.0,0.0,19.0,0.0,0.0,0.0,0.0,0.0,"Global Spectrum SARL"
"1002304","Zipper Nylon N°5 Beige 80 mtr C180","Zipper","Raw Materials - GSS","Mtr",3.0,0.0,0.0,0.0,3.0,0.0,0.0,0.0,0.0,0.0,"Global Spectrum SARL"
"1002305","Zipper Nylon N°5 Gris 80 mtr C275","Zipper","Raw Materials - GSS","Mtr",4.0,0.0,0.0,0.0,4.0,0.0,0.0,0.0,0.0,0.0,"Global Spectrum SARL"
"1002306","Zipper Nylon N°5 Marron foncé 100 mtr C900","Zipper","Raw Materials - GSS","Mtr",7.0,0.0,0.0,0.0,7.0,0.0,0.0,0.0,0.0,0.0,"Global Spectrum SARL"
"1002307","Zipper Nylon N°5 Bleu clair 80mtr","Zipper","Raw Materials - GSS","Mtr",6.0,0.0,0.0,0.0,6.0,0.0,0.0,0.0,0.0,0.0,"Global Spectrum SARL"
"1002308","Zipper Nylon N°5 Marron clair 100 Mtr","Zipper","Raw Materials - GSS","Mtr",5.0,0.0,0.0,0.0,5.0,0.0,0.0,0.0,0.0,0.0,"Global Spectrum SARL"
"1000813","Jupiter Screw Drywall Screw Coarse Thread Bugle Head Grey Phosphated Size: 6x3/4 Qty: 1000 Pcs","Drywall Screw","Raw Materials - GSS","PCs",22500.0,0.0,0.0,0.0,22500.0,0.0,0.0,0.0,0.0,0.0,"Global Spectrum SARL"
"1000812","Jupiter Screw Drywall Screw Coarse Thread Bugle Head Grey Phosphated Size: 6x1/2 Qty: 1000 Pcs","Drywall Screw","Raw Materials - GSS","PCs",54000.0,0.0,0.0,0.0,54000.0,0.0,0.0,0.0,0.0,0.0,"Global Spectrum SARL"
"1000811","Jupiter Screw Drywall Screw Coarse Thread Bugle Head Grey Phosphated Size: 10x4 Qty: 250 Pcs","Drywall Screw","Raw Materials - GSS","PCs",4990.0,0.0,0.0,0.0,4990.0,0.0,0.0,0.0,0.0,0.0,"Global Spectrum SARL"
"1000810","Bruserstang Drywall Screw Fine Thread Black Phosphate Size: 6x1 ","Drywall Screw","Raw Materials - GSS","PCs",11200.0,0.0,0.0,0.0,11200.0,0.0,0.0,0.0,0.0,0.0,"Global Spectrum SARL"
"1000809","Bruserstang Drywall Screw Fine Thread Black Phosphate Size: 6x1-1/2 ","Drywall Screw","Raw Materials - GSS","PCs",12770.0,0.0,0.0,0.0,12770.0,0.0,0.0,0.0,0.0,0.0,"Global Spectrum SARL"
"1000808","Bruserstang Drywall Screw Fine Thread Black Phosphate Size: 3x8 Qty: 500 Pcs Barcode: 150100100059","Drywall Screw","Raw Materials - GSS","PCs",28900.0,0.0,0.0,0.0,28900.0,0.0,0.0,0.0,0.0,0.0,"Global Spectrum SARL"
"1000807","TUF-FIX Drywall Screw Coarse Thread Black Phosphated 10T405-112C 6x1-1/2 ","Drywall Screw","Raw Materials - GSS","PCs",5.0,0.0,0.0,0.0,5.0,0.0,0.0,0.0,0.0,0.0,"Global Spectrum SARL"
"1000806","Milano Drywall Screw Gray Phosphated Coarse Size: 3/4x8 Qty: 900 Pcs Barcode: 150100100457","Drywall Screw","Raw Materials - GSS","PCs",52200.0,0.0,0.0,0.0,52200.0,0.0,0.0,0.0,0.0,0.0,"Global Spectrum SARL"
"1000805","Milano Drywall Screw Gray Phosphated Coarse Size: 1-1/4x6 Qty: 900 Pcs Barcode: 150100100312","Drywall Screw","Raw Materials - GSS","PCs",1350.0,0.0,0.0,0.0,1350.0,0.0,0.0,0.0,0.0,0.0,"Global Spectrum SARL"
"1000804","Milano Drywall Screw Gray Phosphated Coarse Size: 1-1/4x8 Qty: 900 Pcs Barcode: 150100100313","Drywall Screw","Raw Materials - GSS","PCs",45000.0,0.0,0.0,0.0,45000.0,0.0,0.0,0.0,0.0,0.0,"Global Spectrum SARL"
"1000803","Milano Drywall Screw Gray Phosphated Coarse Size: 2x8 Qty: 450 Pcs Barcode: 150100100318","Drywall Screw","Raw Materials - GSS","PCs",14215.0,0.0,0.0,0.0,14215.0,0.0,0.0,0.0,0.0,0.0,"Global Spectrum SARL"
"1000802","Milano Drywall Screw Gray Phosphated Coarse Size: 4x10 Qty: 225 Pcs Barcode: 150100100321","Drywall Screw","Raw Materials - GSS","PCs",12500.0,0.0,0.0,0.0,12500.0,0.0,0.0,0.0,0.0,0.0,"Global Spectrum SARL"
"1000801","Milano Drywall Screw Gray Phosphated Coarse Size: 2-1/2x8 Qty: 450 Pcs Barcode: 150100100316","Drywall Screw","Raw Materials - GSS","PCs",32061.0,0.0,0.0,0.0,32061.0,0.0,0.0,0.0,0.0,0.0,"Global Spectrum SARL"
"1000701","SHT Wall Plug S8 100 PCs Per Box","Wall Plug","Raw Materials - GSS","Box",80.0,0.0,0.0,0.0,80.0,0.0,0.0,0.0,0.0,0.0,"Global Spectrum SARL"
"1000124","Venus Nylon Twine Thread Ply No 210D/24 200g White","Coloured Threads","Raw Materials - GSS","PCs",23.0,0.0,0.0,0.0,23.0,0.0,0.0,0.0,0.0,0.0,"Global Spectrum SARL"
"1000123","KF Nylon Twine Thread PLY No 210D/24 1056-60 White","Coloured Threads","Raw Materials - GSS","PCs",46.0,0.0,0.0,0.0,46.0,0.0,0.0,0.0,0.0,0.0,"Global Spectrum SARL"
"1000122","Thread 100% Spun Polyester 42425 50/2 5000Y 4572M","Coloured Threads","Raw Materials - GSS","PCs",1.0,0.0,0.0,0.0,1.0,0.0,0.0,0.0,0.0,0.0,"Global Spectrum SARL"
"1000121","Thread 100% Spun Polyester H130","Coloured Threads","Raw Materials - GSS","PCs",107.0,0.0,0.0,0.0,107.0,0.0,0.0,0.0,0.0,0.0,"Global Spectrum SARL"
"1000120","Thread 100% Spun Polyester 1204","Coloured Threads","Raw Materials - GSS","PCs",118.0,0.0,0.0,0.0,118.0,0.0,0.0,0.0,0.0,0.0,"Global Spectrum SARL"
"1000119","Spacebrand Thread 20/2 3000Y 7994","Coloured Threads","Raw Materials - GSS","PCs",18.0,0.0,0.0,0.0,18.0,0.0,0.0,0.0,0.0,0.0,"Global Spectrum SARL"
"1000118","Spacebrand Thread 20/2 3000Y 90366 PHC9208600","Coloured Threads","Raw Materials - GSS","PCs",5.0,0.0,0.0,0.0,5.0,0.0,0.0,0.0,0.0,0.0,"Global Spectrum SARL"
"1000117","Spacebrand Thread 20/2 3000Y White PJD0638400","Coloured Threads","Raw Materials - GSS","PCs",58.0,0.0,0.0,0.0,58.0,0.0,0.0,0.0,0.0,0.0,"Global Spectrum SARL"
"1000116","Spacebrand Thread 20/2 3000Y 90171 MF96328000","Coloured Threads","Raw Materials - GSS","PCs",103.0,0.0,0.0,0.0,103.0,0.0,0.0,0.0,0.0,0.0,"Global Spectrum SARL"
"1000115","Spacebrand Thread 20/2 3000Y Black PJD0640900","Coloured Threads","Raw Materials - GSS","PCs",59.0,0.0,0.0,0.0,59.0,0.0,0.0,0.0,0.0,0.0,"Global Spectrum SARL"
"1000114","Hussain Thread 20/2 2550Y Orange No Code","Coloured Threads","Raw Materials - GSS","PCs",1.0,0.0,0.0,0.0,1.0,0.0,0.0,0.0,0.0,0.0,"Global Spectrum SARL"
"1000113","Hussain Thread 20/2 2550Y A1498","Coloured Threads","Raw Materials - GSS","PCs",12.0,0.0,0.0,0.0,12.0,0.0,0.0,0.0,0.0,0.0,"Global Spectrum SARL"
"1000112","Hussain Thread 20/2 2550Y A1275","Coloured Threads","Raw Materials - GSS","PCs",11.0,0.0,0.0,0.0,11.0,0.0,0.0,0.0,0.0,0.0,"Global Spectrum SARL"
"1000111","Hussain Thread 20/2 2550Y A1791","Coloured Threads","Raw Materials - GSS","PCs",12.0,0.0,0.0,0.0,12.0,0.0,0.0,0.0,0.0,0.0,"Global Spectrum SARL"
"1000110","Hussain Thread 20/2 2550Y A1278","Coloured Threads","Raw Materials - GSS","PCs",10.0,0.0,0.0,0.0,10.0,0.0,0.0,0.0,0.0,0.0,"Global Spectrum SARL"
"1000109","Hussain Thread 20/2 2550Y A1213","Coloured Threads","Raw Materials - GSS","PCs",9.0,0.0,0.0,0.0,9.0,0.0,0.0,0.0,0.0,0.0,"Global Spectrum SARL"
"1000108","Hussain Thread 20/2 2550Y A1314","Coloured Threads","Raw Materials - GSS","PCs",11.0,0.0,0.0,0.0,11.0,0.0,0.0,0.0,0.0,0.0,"Global Spectrum SARL"
"1000107","Hussain Thread 20/2 2550Y A1384","Coloured Threads","Raw Materials - GSS","PCs",6.0,0.0,0.0,0.0,6.0,0.0,0.0,0.0,0.0,0.0,"Global Spectrum SARL"
"1000106","Hussain Thread 20/2 4000Y A639","Coloured Threads","Raw Materials - GSS","PCs",22.0,0.0,0.0,0.0,22.0,0.0,0.0,0.0,0.0,0.0,"Global Spectrum SARL"
"1000105","Hussain Thread 20/2 4000Y A572","Coloured Threads","Raw Materials - GSS","PCs",35.0,0.0,0.0,0.0,35.0,0.0,0.0,0.0,0.0,0.0,"Global Spectrum SARL"
"1000104","Hussain Thread 20/2 2550Y A670","Coloured Threads","Raw Materials - GSS","PCs",57.0,0.0,0.0,0.0,57.0,0.0,0.0,0.0,0.0,0.0,"Global Spectrum SARL"
"1000103","Hussain Thread 20/2 2550Y A501","Coloured Threads","Raw Materials - GSS","PCs",67.0,0.0,0.0,0.0,67.0,0.0,0.0,0.0,0.0,0.0,"Global Spectrum SARL"
"1000102","Hussain Thread 20/2 2550Y A503","Coloured Threads","Raw Materials - GSS","PCs",46.0,0.0,0.0,0.0,46.0,0.0,0.0,0.0,0.0,0.0,"Global Spectrum SARL"
"1000101","Hussain Thread 20/2 2550Y A675","Coloured Threads","Raw Materials - GSS","PCs",42.0,0.0,0.0,0.0,42.0,0.0,0.0,0.0,0.0,0.0,"Global Spectrum SARL"
"1000602","Glue Stick 1x35 PCs","Glue Sticks","Raw Materials - GSS","PCs",176.0,0.0,0.0,0.0,176.0,0.0,0.0,0.0,0.0,0.0,"Global Spectrum SARL"
"1000601","Glue Stick 1x25 PCs","Glue Sticks","Raw Materials - GSS","PCs",423.0,0.0,0.0,0.0,423.0,0.0,0.0,0.0,0.0,0.0,"Global Spectrum SARL"
"1000501","Elastic Belt 3 Line","Elastic Belt","Raw Materials - GSS","PCs",117.0,0.0,0.0,0.0,117.0,0.0,0.0,0.0,0.0,0.0,"Global Spectrum SARL"
"1000004","Cotton Piping Rope 6 mm","Piping Rope","Raw Materials - GSS","PCs",5.0,0.0,0.0,0.0,5.0,0.0,0.0,0.0,0.0,0.0,"Global Spectrum SARL"
"1000003","Cotton Piping Rope 5 mm","Piping Rope","Raw Materials - GSS","PCs",27.0,0.0,0.0,0.0,27.0,0.0,0.0,0.0,0.0,0.0,"Global Spectrum SARL"
"1000002","Cotton Piping Rope 4 mm","Piping Rope","Raw Materials - GSS","PCs",78.0,0.0,0.0,0.0,78.0,0.0,0.0,0.0,0.0,0.0,"Global Spectrum SARL"
"1000001","Cotton Piping Rope 3 mm","Piping Rope","Raw Materials - GSS","PCs",55.0,0.0,0.0,0.0,55.0,0.0,0.0,0.0,0.0,0.0,"Global Spectrum SARL"
"1002500","Frame  FLEUR TURQUOISE SIZE  39 X 39","Frame","Raw Materials - GSS","PCs",2.0,0.0,0.0,0.0,2.0,0.0,0.0,0.0,0.0,0.0,"Global Spectrum SARL"
"1002501","Frame FEUILLE VIOLEE SIZE 39 X 39","Frame","Raw Materials - GSS","PCs",2.0,0.0,0.0,0.0,2.0,0.0,0.0,0.0,0.0,0.0,"Global Spectrum SARL"
"1002502","Frame CONTOUR NOIR GRIS FOND 43 X 44","Frame","Raw Materials - GSS","PCs",1.0,0.0,0.0,0.0,1.0,0.0,0.0,0.0,0.0,0.0,"Global Spectrum SARL"
"1002503","Frame FLERI 50*50","Frame","Raw Materials - GSS","PCs",3.0,0.0,0.0,0.0,3.0,0.0,0.0,0.0,0.0,0.0,"Global Spectrum SARL"
"1002504","Frame  COQUILLAGE 50 X 70","Frame","Raw Materials - GSS","PCs",4.0,0.0,0.0,0.0,4.0,0.0,0.0,0.0,0.0,0.0,"Global Spectrum SARL"
"1002505","Frame  50 X 74","Frame","Raw Materials - GSS","PCs",1.0,0.0,0.0,0.0,1.0,0.0,0.0,0.0,0.0,0.0,"Global Spectrum SARL"
"1002506","Frame 64 x 64","Frame","Raw Materials - GSS","PCs",1.0,0.0,0.0,0.0,1.0,0.0,0.0,0.0,0.0,0.0,"Global Spectrum SARL"
"1002507","Frame 75 x100","Frame","Raw Materials - GSS","PCs",1.0,0.0,0.0,0.0,1.0,0.0,0.0,0.0,0.0,0.0,"Global Spectrum SARL"
"1002508","Frame 87 x 110","Frame","Raw Materials - GSS","PCs",2.0,0.0,0.0,0.0,2.0,0.0,0.0,0.0,0.0,0.0,"Global Spectrum SARL"
"1002509","Frame  50 x 80","Frame","Raw Materials - GSS","PCs",4.0,0.0,0.0,0.0,4.0,0.0,0.0,0.0,0.0,0.0,"Global Spectrum SARL"
"1002510","Frame  80 x 80","Frame","Raw Materials - GSS","PCs",2.0,0.0,0.0,0.0,2.0,0.0,0.0,0.0,0.0,0.0,"Global Spectrum SARL"
"1002511","Frame 90 X 60","Frame","Raw Materials - GSS","PCs",19.0,0.0,0.0,0.0,19.0,0.0,0.0,0.0,0.0,0.0,"Global Spectrum SARL"
"1002512","Frame Artisanal","Frame","Raw Materials - GSS","PCs",34.0,0.0,0.0,0.0,34.0,0.0,0.0,0.0,0.0,0.0,"Global Spectrum SARL"
"1002513","Frame 90 X 120","Frame","Raw Materials - GSS","PCs",38.0,0.0,0.0,0.0,38.0,0.0,0.0,0.0,0.0,0.0,"Global Spectrum SARL"
"1002514","Frame  chinois 150 X 90","Frame","Raw Materials - GSS","PCs",5.0,0.0,0.0,0.0,5.0,0.0,0.0,0.0,0.0,0.0,"Global Spectrum SARL"
"Total","","","","",406410.0,"","","",406410.0,"","","","","",""
